traveler_id,name,passport_no,nationality_id,date_of_birth
1,John Smith,P12345678,1,1985-03-15
2,Emma Watson,P87654321,2,1990-07-22
3,Li Wei,P56781234,7,1978-11-02
4,Maria Garcia,P43218765,3,1995-01-30
5,Ahmed Ali,P99887766,4,1982-09-12
6,Sarah Johnson,P55443322,1,1988-06-25
7,David Kim,P78901234,7,1992-12-03
8,Fatima Hassan,P34567890,9,1998-04-18
9,Carlos Ruiz,P23456789,3,1975-10-10
10,Olga Petrova,P66778899,15,1983-08-07
11,Michael Brown,P11223344,1,1991-02-28
12,Emily Davis,P44332211,2,1987-11-11
13,Wei Zhang,P55667788,8,1980-05-20
14,Sofia Martinez,P99887711,3,1993-09-14
15,Mohammed Khan,P77665544,9,1979-12-01
16,Yuki Tanaka,P33445566,7,1996-04-04
17,Isabella Rossi,P22334455,5,1984-07-19
18,Hans Mueller,P77889900,3,1970-03-03
19,Anne Dubois,P66778800,2,1989-08-22
20,James Wilson,P55667711,1,1994-01-07
21,Nadia Akhtar,P44556677,9,1981-06-15
22,Chang Kim,P33445577,16,1997-10-30
23,Lucia Fernandez,P22334466,3,1986-02-18
24,Viktor Ivanov,P11224455,15,1977-09-09
25,Aisha Malik,P99887733,9,1992-05-25
26,Thomas Anderson,P77665533,1,1983-11-03
27,Rachel Green,P55446677,2,1985-03-12
28,Monica Geller,P44338899,1,1987-08-19
29,Phoebe Buffay,P33221100,1,1989-02-07
30,Joey Tribbiani,P22110099,1,1982-09-15
31,Chandler Bing,P11009988,1,1984-04-08
32,Ross Geller,P99887744,1,1980-10-18
33,Arya Stark,P77665522,2,1995-07-21
34,Jon Snow,P55443311,2,1990-12-25
35,Tyrion Lannister,P44332299,2,1975-03-03
36,Daenerys Targaryen,P33221188,2,1988-10-23
37,Walter White,P22110077,1,1958-09-07
38,Jesse Pinkman,P11009966,1,1984-09-24
39,Skyler White,P99887755,1,1970-08-11
40,Hank Schrader,P77665544,1,1966-03-04
41,Kim Possible,P55443322,1,1992-06-07
42,Ron Stoppable,P44332211,1,1992-09-22
43,Shego,P33221100,1,1988-12-13
44,Dr Drakken,P22110088,1,1965-04-15
45,Tony Stark,P11009977,1,1970-05-29
46,Steve Rogers,P99887766,1,1918-07-04
47,Natasha Romanoff,P77665533,15,1984-11-22
48,Thor Odinson,P55443344,22,1980-01-01
49,Bruce Banner,P44332277,1,1969-12-18
50,Clint Barton,P33221199,1,1972-01-07
